WHITE HANGING HEART T-LIGHT HOLDER,2256
JUMBO BAG RED RETROSPOT,2089
REGENCY CAKESTAND 3 TIER,1988
PARTY BUNTING,1685
LUNCH BAG RED RETROSPOT,1564
ASSORTED COLOUR BIRD ORNAMENT,1455
"SET OF 3 CAKE TINS PANTRY DESIGN ",1385
PACK OF 72 RETROSPOT CAKE CASES,1320
LUNCH BAG  BLACK SKULL.,1273
"NATURAL SLATE HEART CHALKBOARD ",1249
JUMBO BAG PINK POLKADOT,1218
HEART OF WICKER SMALL,1201
JUMBO STORAGE BAG SUKI,1184
JUMBO SHOPPER VINTAGE RED PAISLEY,1175
JAM MAKING SET PRINTED,1162
"PAPER CHAIN KIT 50'S CHRISTMAS ",1160
"LUNCH BAG SPACEBOY DESIGN ",1157
LUNCH BAG CARS BLUE,1150
SPOTTY BUNTING,1140
JAM MAKING SET WITH JARS,1132
POSTAGE,1126
RECIPE BOX PANTRY YELLOW DESIGN,1111
WOODEN PICTURE FRAME WHITE FINISH,1100
LUNCH BAG PINK POLKADOT,1090
"LUNCH BAG SUKI DESIGN ",1084
