JUMBO BAG PINK POLKADOT,JUMBO BAG RED RETROSPOT,825
GREEN REGENCY TEACUP AND SAUCER,"ROSES REGENCY TEACUP AND SAUCER ",767
JUMBO BAG RED RETROSPOT,JUMBO STORAGE BAG SUKI,724
JUMBO BAG RED RETROSPOT,JUMBO SHOPPER VINTAGE RED PAISLEY,680
LUNCH BAG  BLACK SKULL.,LUNCH BAG RED RETROSPOT,641
ALARM CLOCK BAKELIKE GREEN,"ALARM CLOCK BAKELIKE RED ",640
GREEN REGENCY TEACUP AND SAUCER,PINK REGENCY TEACUP AND SAUCER,632
LUNCH BAG PINK POLKADOT,LUNCH BAG RED RETROSPOT,606
PINK REGENCY TEACUP AND SAUCER,"ROSES REGENCY TEACUP AND SAUCER ",598
JUMBO  BAG BAROQUE BLACK WHITE,JUMBO BAG RED RETROSPOT,585
JUMBO BAG RED RETROSPOT,LUNCH BAG RED RETROSPOT,579
LUNCH BAG RED RETROSPOT,"LUNCH BAG SPACEBOY DESIGN ",560
LUNCH BAG RED RETROSPOT,"LUNCH BAG SUKI DESIGN ",556
LUNCH BAG CARS BLUE,LUNCH BAG RED RETROSPOT,554
"PAPER CHAIN KIT 50'S CHRISTMAS ",PAPER CHAIN KIT VINTAGE CHRISTMAS,552
JUMBO BAG APPLES,JUMBO BAG RED RETROSPOT,546
"GARDENERS KNEELING PAD CUP OF TEA ","GARDENERS KNEELING PAD KEEP CALM ",546
LUNCH BAG  BLACK SKULL.,LUNCH BAG PINK POLKADOT,544
"WOODEN FRAME ANTIQUE WHITE ",WOODEN PICTURE FRAME WHITE FINISH,539
DOLLY GIRL LUNCH BOX,"SPACEBOY LUNCH BOX ",538
JUMBO BAG RED RETROSPOT,JUMBO BAG STRAWBERRY,536
JUMBO BAG RED RETROSPOT,JUMBO BAG WOODLAND ANIMALS,535
LUNCH BAG RED RETROSPOT,LUNCH BAG WOODLAND,526
REGENCY CAKESTAND 3 TIER,"ROSES REGENCY TEACUP AND SAUCER ",525
JUMBO SHOPPER VINTAGE RED PAISLEY,JUMBO STORAGE BAG SUKI,524
